<?xml version="1.0" encoding="utf-8" ?>
<component name="RokuPayTask" extends="Task">
    <interface>
        <!-- Commands -->
        <field id="command" type="string" />
        <field id="productId" type="string" />
        
        <!-- Results -->
        <field id="catalogReady" type="boolean" />
        <field id="purchaseResult" type="assocarray" />
        <field id="errorMessage" type="string" />
    </interface>
    
    <script type="text/brightscript" uri="pkg:/components/RokuPayTask.brs" />
</component>

