<?xml version="1.0" encoding="UTF-8"?>
<!-- Cute Upgrade Screen with QR Code -->

<component name="UpgradeScreen" extends="Group">
    <script type="text/brightscript" uri="UpgradeScreen.brs" />

    <interface>
        <field id="visible" type="boolean" value="false" alwaysNotify="true" />
    </interface>

    <children>
        <!-- Dark overlay background - full screen, very visible -->
        <Rectangle id="overlay"
                   width="1920"
                   height="1080"
                   color="0x000000FF"
                   translation="[0, 0]"
                   opacity="0.98" />

        <!-- Main content card - full screen no borders -->
        <Group id="contentCard" translation="[0, 0]">
            <!-- Full screen background -->
            <Rectangle width="1920" height="1080" color="0x0f0f1aF8" />
            <Rectangle width="1918" height="1078" color="0x1a1a2eF5" translation="[1, 1]" />

            <!-- Inner content -->
            <Group translation="[80, 60]">

                <!-- Premium header with accent -->
                <Rectangle width="280" height="6" color="0xE12AFBFF" translation="[0, 0]" />
                <Label text="UNLOCK PREMIUM"
                       font="font:LargeBoldSystemFont"
                       color="0xE12AFBFF"
                       translation="[0, 25]"
                       width="1760" />

                <!-- Subtitle -->
                <Label id="mainMessage"
                       text="Upgrade your Seedr account and enjoy premium benefits"
                       font="font:MediumSystemFont"
                       color="0xB8B8B8FF"
                       translation="[0, 85]"
                       width="1760" />

                <!-- Divider line -->
                <Rectangle width="1760" height="2" color="0x333344FF" translation="[0, 135]" />

                <!-- Two-column layout: Features on left, QR on right -->
                <Group id="mainContent" translation="[120, 180]">
                    <!-- Left column: Premium Features -->
                    <Group id="features" translation="[0, 20]">
                        <!-- Feature 1 -->
                        <Rectangle width="10" height="10" color="0xE12AFBFF" translation="[0, 8]" />
                        <Label text="Ultra HD 4K Video Streaming"
                               font="font:MediumBoldSystemFont"
                               color="0xFFFFFFFF"
                               translation="[30, 0]"
                               width="500" />

                        <!-- Feature 2 -->
                        <Rectangle width="10" height="10" color="0xE12AFBFF" translation="[0, 68]" />
                        <Label text="Lightning Fast Download Speeds"
                               font="font:MediumBoldSystemFont"
                               color="0xFFFFFFFF"
                               translation="[30, 60]"
                               width="500" />

                        <!-- Feature 3 -->
                        <Rectangle width="10" height="10" color="0xE12AFBFF" translation="[0, 128]" />
                        <Label text="Extended Storage Capacity"
                               font="font:MediumBoldSystemFont"
                               color="0xFFFFFFFF"
                               translation="[30, 120]"
                               width="500" />

                        <!-- Feature 4 -->
                        <Rectangle width="10" height="10" color="0xE12AFBFF" translation="[0, 188]" />
                        <Label text="Premium Priority Support"
                               font="font:MediumBoldSystemFont"
                               color="0xFFFFFFFF"
                               translation="[30, 180]"
                               width="500" />

                        <!-- Feature 5 -->
                        <Rectangle width="10" height="10" color="0xE12AFBFF" translation="[0, 248]" />
                        <Label text="100% Ad-Free Experience"
                               font="font:MediumBoldSystemFont"
                               color="0xFFFFFFFF"
                               translation="[30, 240]"
                               width="500" />
                    </Group>

                    <!-- Right column: QR Code - moved more to the left -->
                    <Group id="qrSection" translation="[520, -20]">
                        <!-- QR Code frame -->
                        <Rectangle width="380" height="380" color="0x1a1a2aFF" translation="[0, 0]" />
                        <Rectangle width="370" height="370" color="0xFFFFFFFF" translation="[5, 5]" />

                        <!-- Dynamic QR Code Generator - fills entire white box -->
                        <QRCode id="qrCodeGen"
                                text="https://seedr.cc/pricing"
                                width="368"
                                height="368"
                                translation="[6, 6]"
                                pixel="4"
                                border="0"
                                lightColor="0xFFFFFFFF"
                                darkColor="0x000000FF"
                                ecl="HIGH" />

                        <!-- QR Label -->
                        <Label text="SCAN TO UPGRADE"
                               font="font:SmallSystemFont"
                               color="0x999999FF"
                               translation="[0, 395]"
                               width="380"
                               horizAlign="center" />
                    </Group>
                </Group>

                <!-- URL text - clear and visible -->
                <Label id="urlCombined"
                       text="Scan QR code or visit:  www.seedr.cc/pricing"
                       font="font:LargeBoldSystemFont"
                       color="0xE12AFBFF"
                       translation="[0, 630]"
                       width="1760"
                       horizAlign="center" />

                <!-- Close button - centered -->
                <Group id="closeButton" translation="[730, 760]" focusable="true">
                    <Rectangle width="320" height="70"
                               color="0x000000FF"
                               translation="[3, 3]"
                               opacity="0.4" />

                    <Rectangle id="closeBg"
                               width="320"
                               height="70"
                               color="0xA813B7FF" />

                    <Label text="BACK TO CHANNEL"
                           font="font:MediumBoldSystemFont"
                           color="0xFFFFFFFF"
                           translation="[0, 0]"
                           width="320"
                           height="70"
                           horizAlign="center"
                           vertAlign="center" />
                </Group>
            </Group>
        </Group>
    </children>
</component>
