<?xml version="1.0" encoding="UTF-8"?>
<!--********** Seedr for Roku - Hero Main Scene **********-->

<component name="HeroMainScene" extends="Scene">
    <script type="text/brightscript" uri="HeroMainScene.brs" />
    <script type="text/brightscript" uri="pkg:/source/utils.brs" />
    <script type="text/brightscript" uri="pkg:/source/api.brs" />
    <script type="text/brightscript" uri="pkg:/source/auth.brs" />
    <script type="text/brightscript" uri="pkg:/source/entitlements.brs" />
    
    <interface>
        <field id="authComplete" type="boolean" />
        <field id="playVideo" type="assocarray" />
        <field id="playNextFile" type="assocarray" />
        <field id="screenWidth" type="integer" />
        <field id="screenHeight" type="integer" />
        <field id="content" type="node" />
        <field id="numBadRequests" type="integer" value="0" />
        <field id="rowItemSelected" type="intarray" alwaysNotify="true" />
        <field id="itemFocused" type="intarray" />
        <field id="showFolderDetails" type="assocarray" />
        <field id="showImageViewer" type="assocarray" alwaysnotify="true" />
        <field id="showDocumentViewer" type="assocarray" alwaysnotify="true" />
        <field id="showSubscriptionScreen" type="boolean" alwaysNotify="true" />
        <field id="showAuthScreen" type="boolean" alwaysNotify="true" />
        <field id="navigateToFolder" type="assocarray" />
        <field id="removeVideoPlayer" type="boolean" alwaysNotify="true" />
    </interface>
    
    <children>
        <!-- Background -->
        <Rectangle id="background" width="1920" height="1080" color="0x000000FF" />
        <Poster id="backgroundImage" 
                width="1920" 
                height="1080" 
                uri="pkg:/images/background.jpg" 
                loadDisplayMode="scaleToFill" 
                opacity="0.3" />
        
        <!-- Content Area - Full Screen -->
        <Group id="contentGroup" translation="[0, 0]">
            <!-- Authentication Screen (shown initially) -->
            <AuthScreen id="authScreen" visible="true" />
            
            <!-- Device Authorization Screen (shown when signing in) -->
            <DeviceAuthScreen id="deviceAuthScreen" visible="false" />
            
            <!-- Seedr Home Scene (shown after auth) -->
            <SeedrHomeScene id="seedrHomeScene" visible="false" />
            
            <!-- Video Player - Created dynamically when needed (not pre-existing) -->
            <!-- This prevents audio conflicts in Roku's audio routing system -->
            
            <!-- Audio Player (shown during audio playback) -->
            <AudioPlayer id="audioPlayer" visible="false" />
            
            <!-- Seedr Audio Player (new animated player) -->
            <SeedrAudioPlayer id="seedrAudioPlayer" visible="false" translation="[340, 60]" />
            
            <!-- Folder Details Screen (grid view for media folders) -->
            <FolderDetailsScreen id="folderDetailsScreen" visible="false" />
            
            <!-- Image Viewer -->
            <ImageViewer id="imageViewer" visible="false" />
            
            <!-- Document Viewer -->
            <DocumentViewer id="documentViewer" visible="false" />
            
            <!-- Roku Pay Integration -->
            <PurchaseHandler id="purchaseHandler" />
            
            <!-- Subscription Screen -->
            <SubscriptionScreen id="subscriptionScreen" visible="false" />
            
            <!-- Background Tasks -->
            <TokenRefreshTask id="tokenRefreshTask" />
            <StreamUrlTask id="streamUrlTask" />
        </Group>
        
        <!-- Loading Indicator -->
        <LoadingIndicator
            id="loadingIndicator"
            imageUri="pkg:/images/loader.png"
            clockwise="true"
            spinInterval="2"
            fadeInterval="0.5"
            spacing="20"
            imageWidth="100"
            text="Loading..."
            centered="false"
            translation="[0, 0]"
            textPadding="10"
            font="font:SmallBoldSystemFont"
            backgroundColor="0x551A8B"
            backgroundOpacity="0"
            visible="false" />
        
        <!-- Error Dialog -->
        <Group id="errorDialog" visible="false" translation="[460, 340]">
            <Rectangle width="1000" height="400" color="0x000000EE" />
            <Rectangle width="996" height="396" color="0xFFFFFFFF" translation="[2, 2]" />
            <Label id="errorTitle" text="Error" 
                   font="font:LargeBoldSystemFont" 
                   color="0x000000FF" 
                   translation="[50, 50]" />
            <Label id="errorMessage" text="" 
                   font="font:MediumSystemFont" 
                   color="0x333333FF" 
                   translation="[50, 100]" 
                   width="900" 
                   wrap="true" />
            <Button id="errorOkButton" text="OK" 
                    translation="[450, 300]" 
                    minWidth="100" />
        </Group>

        <!-- Warning Dialog for content loading issues -->
        <Dialog
            id="warningDialog"
            title="Content Loading Failed"
            message="The content is not available at this time. Press OK to continue or 'back' to retry."
            visible="false" />

        <!-- Fade Animations -->
        <ParallelAnimation id="fadeIn">
            <Animation
                id="heroFadeOut"
                duration=".4"
                repeat="false"
                easeFunction="inQuad">
                <FloatFieldInterpolator
                    id="heroFadeOutInterp"
                    key="[0,1]"
                    keyValue="[1.0, 0.0]"
                    fieldToInterp="seedrHomeScene.opacity"/>
            </Animation>
        </ParallelAnimation>

        <ParallelAnimation id="fadeOut">
            <Animation
                id="heroFadeIn"
                duration=".4"
                repeat="false"
                easeFunction="inQuad">
                <FloatFieldInterpolator
                    id="heroFadeInInterp"
                    key="[0,1]"
                    keyValue="[0.0, 1.0]"
                    fieldToInterp="seedrHomeScene.opacity"/>
            </Animation>
        </ParallelAnimation>
    </children>
</component>
