<?xml version="1.0" encoding="UTF-8"?>
<!--********** seedr-Style Authentication Screen for Roku **********-->

<component name="AuthScreen" extends="Group" focusable="true">
    <script type="text/brightscript" uri="pkg:/source/utils.brs" />
    <script type="text/brightscript" uri="pkg:/source/api.brs" />
    <script type="text/brightscript" uri="pkg:/source/auth.brs" />
    <script type="text/brightscript" uri="AuthScreen.brs" />
    
    <interface>
        <field id="authCheck" type="integer" />
        <field id="showDeviceAuth" type="boolean" alwaysNotify="true" />
    </interface>
    
    <children>
        <!-- Dark cinematic background with gradient overlay -->
        <Rectangle id="background" width="1920" height="1080" color="0x000000FF" />
        
        <!-- Background image with dark movie scene effect -->
        <Poster id="backgroundImage" 
                uri="pkg:/images/splash_hd.jpg" 
                width="1920" 
                height="1080" 
                loadDisplayMode="scaleToFill" />
        
        <!-- Multiple gradient overlays for depth and card visibility -->
        <Rectangle width="1920" height="1080" color="0x000000CC" opacity="0.8" />
        <Rectangle width="960" height="1080" color="0x000000AA" opacity="0.6" translation="[960, 0]" />
        <Rectangle width="480" height="1080" color="0x00000066" opacity="0.4" translation="[1440, 0]" />
        
        <!-- seedr Logo (top left with better positioning) -->
        <Label text="SEEDR" 
               font="font:LargeBoldSystemFont" 
               color="0x8A0194" 
               translation="[80, 50]" 
               horizAlign="left" />
        
        <!-- Feature Image on the left side - aligned with card -->
        <Poster id="featureImage"
                uri="pkg:/images/home_feature.png"
                width="550"
                height="350"
                translation="[60, 120]"
                loadDisplayMode="scaleToFit" />
        
        <!-- Main Authentication Card (positioned to the right of feature image) -->
        <Group id="mainCard" visible="true" translation="[650, 160]">

            <!-- Card background with rounded corners effect using multiple layers -->
            <Rectangle width="600" height="450" color="0x000000F0" translation="[-4, -4]" opacity="0.3" />
            <Rectangle width="592" height="442" color="0x1a1a1aF5" translation="[0, 0]" opacity="0.95" />
            <Rectangle width="588" height="438" color="0x2d2d3aF0" translation="[2, 2]" />
            
            <!-- Inner content container with padding -->
            <Group id="contentContainer" translation="[40, 50]">
                
                <!-- Main heading with seedr typography -->
                <Label id="mainHeading"
                       text="Start Now With Seedr"
                       font="font:LargeBoldSystemFont"
                       color="0xFFFFFFFF"
                       translation="[0, 0]"
                       width="500"
                       wrap="true"
                       lineSpacing="1.2" />
                
                <!-- Feature list with bullet points -->
                <Group id="featureList" translation="[0, 70]">

                    <!-- Feature 1 -->
                    <Group translation="[0, 0]">
                        <Label text="•"
                               font="font:LargeBoldSystemFont"
                               color="0xE12AFB"
                               translation="[0, 0]" />
                        <Label text="World's most powerful media manager"
                               font="font:MediumSystemFont"
                               color="0xCCCCCCFF"
                               translation="[25, 0]"
                               width="480" />
                    </Group>

                    <!-- Feature 2 -->
                    <Group translation="[0, 45]">
                        <Label text="•"
                               font="font:LargeBoldSystemFont"
                               color="0xE12AFB"
                               translation="[0, 0]" />
                        <Label text="Upgrade to access higher daily limits"
                               font="font:MediumSystemFont"
                               color="0xCCCCCCFF"
                               translation="[25, 0]"
                               width="480" />
                    </Group>

                    <!-- Feature 3 -->
                    <Group translation="[0, 90]">
                        <Label text="•"
                               font="font:LargeBoldSystemFont"
                               color="0xE12AFB"
                               translation="[0, 0]" />
                        <Label text="Cancel Anytime"
                               font="font:MediumSystemFont"
                               color="0xCCCCCCFF"
                               translation="[25, 0]" />
                    </Group>
                </Group>

                <!-- Upgrade button - full width, darker color -->
                <Group id="upgradeButton" translation="[0, 240]" focusable="true">
                    <!-- Button shadow for depth -->
                    <Rectangle width="506" height="50"
                               color="0x000000FF"
                               translation="[2, 2]"
                               opacity="0.3" />

                    <!-- Main button background - darker purple -->
                    <Rectangle id="upgradeBg"
                               width="506"
                               height="50"
                               color="0x6B0E76" />

                    <!-- Button text centered -->
                    <Label text="Upgrade and Access Up to 4K *"
                           font="font:MediumBoldSystemFont"
                           color="0xFFFFFFFF"
                           translation="[0, 0]"
                           width="506"
                           height="50"
                           horizAlign="center"
                           vertAlign="center" />
                </Group>

                <!-- Start Using Channel button - full width, brighter color -->
                <Group id="signInButton" translation="[0, 320]" focusable="true">
                    <!-- Button shadow for depth -->
                    <Rectangle width="506" height="54"
                               color="0x000000FF"
                               translation="[2, 2]"
                               opacity="0.4" />

                    <!-- Main button background - bright purple -->
                    <Rectangle id="signInBg"
                               width="506"
                               height="54"
                               color="0xA813B7" />

                    <!-- Button text centered -->
                    <Label text="Start Using Channel"
                           font="font:LargeBoldSystemFont"
                           color="0xFFFFFFFF"
                           translation="[0, 0]"
                           width="506"
                           height="54"
                           horizAlign="center"
                           vertAlign="center" />
                </Group>

            </Group>
        </Group>

        <!-- Optional: Animated elements for visual appeal -->
        <Group id="animatedElements">
            <!-- Subtle glow effect behind card -->
            <Rectangle id="cardGlow"
                       width="640"
                       height="490"
                       color="0xE5091411"
                       translation="[630, 100]"
                       opacity="0.2" />
        </Group>

        <!-- Upgrade Screen (shown when upgrade button is clicked) - positioned at top -->
        <UpgradeScreen id="upgradeScreen"
                       visible="false"
                       translation="[0, 0]"
                       opacity="1" />
    </children>
</component>