<?xml version="1.0" encoding="utf-8"?>

<component name="UpdateNotificationDialog" extends="Group">
  <interface>
    <field id="localVersion" type="string" />
    <field id="remoteVersion" type="string" />
    <field id="downloadUrl" type="string" />
    <field id="buttonSelected" type="string" />
  </interface>

  <script type="text/brightscript" uri="UpdateNotificationDialog.brs" />

  <children>
    <!-- Semi-transparent background overlay -->
    <Rectangle
      id="background"
      width="1920"
      height="1080"
      color="0x000000CC"
      opacity="0.9" />

    <!-- Modal container -->
    <Rectangle
      id="modalBox"
      width="900"
      height="500"
      translation="[300, 150]"
      color="0x1A1A1AFF">
      <!-- Border -->
      <Rectangle
        width="900"
        height="4"
        color="0x00ADEFFF" />
      <Rectangle
        translation="[0, 496]"
        width="900"
        height="4"
        color="0x00ADEFFF" />
      <Rectangle
        width="4"
        height="500"
        color="0x00ADEFFF" />
      <Rectangle
        translation="[896, 0]"
        width="4"
        height="500"
        color="0x00ADEFFF" />
    </Rectangle>

    <!-- Icon/Badge -->
    <Rectangle
      translation="[710, 190]"
      width="80"
      height="80"
      color="0x888888FF">
      <Label
        width="80"
        height="80"
        text="!"
        font="font:LargeBoldSystemFont"
        color="0xFFFFFFFF"
        horizAlign="center"
        vertAlign="center" />
        <!-- Title -->
    <Label
      id="title"
      text="Update Available!"
      translation="[350, 290]"
      width="800"
      horizAlign="center"
      font="font:LargeBoldSystemFont"
      color="0xFFFFFFFF" />
    </Rectangle>

    

    <!-- Message Container -->
    <Label
      id="message"
      translation="[350, 340]"
      horizAlign="center"
      font="font:MediumSystemFont"
      color="0xCCCCCCFF"
      wrap="true"
      width="800"
      height="150"
      numLines="6" />

    <!-- Download URL Label -->
    <Label
      id="urlLabel"
      text=""
      translation="[350, 490]"
      horizAlign="center"
      font="font:SmallSystemFont"
      color="0x888888FF"
      wrap="true"
      width="800" />

    <!-- Button Container - Centered single button -->
    <Group id="buttonContainer" translation="[590, 540]">
      <!-- Download Button - HIDDEN FOR NOW -->
      <Group id="downloadButtonGroup" translation="[0, 0]" visible="false">
        <Rectangle
          id="downloadButton"
          width="320"
          height="70"
          color="0x00ADEFFF">
          <Label
            width="320"
            height="70"
            text="View Download Page"
            font="font:MediumBoldSystemFont"
            color="0xFFFFFFFF"
            horizAlign="center"
            vertAlign="center" />
        </Rectangle>
        <!-- Focus indicator -->
        <Rectangle
          id="downloadButtonBorder"
          translation="[0, 70]"
          width="320"
          height="5"
          color="0xFFFFFFFF"
          visible="false" />
      </Group>

      <!-- Remind Later Button - Centered -->
      <Group id="laterButtonGroup" translation="[0, 0]">
        <Rectangle
          id="laterButton"
          width="320"
          height="70"
          color="0x00ADEFFF">
          <Label
            width="320"
            height="70"
            text="Remind Me Later"
            font="font:MediumBoldSystemFont"
            color="0xFFFFFFFF"
            horizAlign="center"
            vertAlign="center" />
        </Rectangle>
        <!-- Focus indicator -->
        <Rectangle
          id="laterButtonBorder"
          translation="[0, 70]"
          width="320"
          height="5"
          color="0xFFFFFFFF"
          visible="false" />
      </Group>
    </Group>

    <!-- Help text -->
    <Label
      translation="[350, 630]"
      width="800"
      height="20"
      text="OK to Continue"
      font="font:SmallestSystemFont"
      color="0x888888FF"
      horizAlign="center"
      vertAlign="center" />
  </children>
</component>
