<?xml version="1.0" encoding="utf-8" ?> 
<component name="DetailScreen" extends="Group" initialFocus="buttons"  >
    <script type="text/brightscript" uri="DetailScreen.brs" />
    <interface>
        <field id="content" type="node" onChange="OnContentChange" />
        <field id="jumpToItem" type="integer" onChange="OnJumpToItem" value="0" alwaysNotify="true" />
        <field id="itemFocused" type="integer" alwaysNotify="true" />     
        <field id="buttonSelected" type="integer" alias="buttons.itemSelected" />
        <field id="buttons" type="node" alias="buttons.content" />
        
        <!-- Play functionality passthrough -->
        <field id="playPressed" type="boolean" alwaysNotify="true" />
    </interface>
    <children>
        <!-- Dynamic Background Layer (ONLY ADDITION) -->
        <Poster 
            id="backgroundPoster" 
            width="1280" 
            height="720"
            translation="[0, 0]"
            loadDisplayMode="scaleToFill"
            opacity="0.3" />
            
        <!-- Secondary background for smooth transitions -->
        <Poster 
            id="backgroundPosterSecondary" 
            width="1280" 
            height="720"
            translation="[0, 0]"
            loadDisplayMode="scaleToFill"
            opacity="0.0" />
            
        <!-- ORIGINAL LAYOUT (UNCHANGED) -->
        <Poster id="poster" opacity="0.3" width="1450" height="700" />
        <LayoutGroup translation="[1166, 154]" layoutDirection="horiz"  horizAlignment="right" itemSpacings="[40]">
            <LayoutGroup  itemSpacings="[14, 10]" layoutDirection="vert">
                <Label id="titleLabel" width="357" wrap="false" horizAlign="right" />
            </LayoutGroup>
            <Group>
                <LabelList id="buttons" numRows="3" itemSpacing="[0,10]" itemSize="[593, 48]"/>
                <LayoutGroup itemSpacings="[40]" translation="[0, 208]">
                    <Label id="descriptionLabel" wrap="true" maxLines="6" width="593" />
                </LayoutGroup>
            </Group>
        </LayoutGroup>
    </children>
</component>