<?xml version="1.0" encoding="UTF-8"?>
<!--********** Token Refresh Task - Async Token Validation and Refresh **********-->

<component name="TokenRefreshTask" extends="Task">
    <script type="text/brightscript" uri="pkg:/source/utils.brs" />
    <script type="text/brightscript" uri="pkg:/source/token_refresh.brs" />
    <script type="text/brightscript" uri="pkg:/source/auth.brs" />
    <script type="text/brightscript" uri="TokenRefreshTask.brs" />
    
    <interface>
        <!-- Input: trigger the refresh check -->
        <field id="checkAndRefresh" type="boolean" alwaysNotify="true" />
        
        <!-- Output: result of the check/refresh -->
        <field id="result" type="assocarray" />
        <!-- result structure:
            {
                success: true/false
                needsAuth: true/false (user needs to login)
                error: "error message" (optional)
                tokenRefreshed: true/false (was a refresh performed)
            }
        -->
    </interface>
</component>

